INSERT INTO Clients (name,surname,phone_number,registration_date,status,gender)
VALUES ('Bartosz', 'Lysy', '834343543', '2024-11-13 11:11:11', 'aktywny', 'M'),
('Bartosz', 'Pawlowski', '654789234', '2024-12-11 00:24:59', 'aktywny', 'M'),
('Emilia', 'Nowak', '540801333', '2024-12-06 12:44:15', 'aktywny', 'K'),
('Marcin', 'Zieliñski', '876543210', '2024-11-15 14:05:50', 'wylogowany', 'M'),
('Julia', 'Wiœniewska', '512789432', '2024-11-20 10:35:15', 'aktywny', null),
('Tomasz', NULL, '789654123', '2023-09-22 16:45:20', 'wylogowany', 'M'),
('Jakub', 'Lewandowski', '789543210', '2023-12-25 12:50:10', 'wylogowany', 'M'),
('Zofia', 'Górska', '607654321', '2024-01-20 21:50:00', 'wylogowany', 'K'),
('Piotr', NULL, '609876543', '2024-01-05 09:15:00', 'aktywny', 'M'),
('Kamil', 'Nowicki', '501765432', '2024-01-15 16:25:30', 'aktywny', 'M'),
('Joanna', 'Lis', '601978456', '2024-01-20 21:50:00', 'wylogowany', null),
('Wojciech', NULL, '709876543', '2024-01-25 08:30:10', 'aktywny', 'M'),
('Alicja', 'Grabowska', '607890456', DEFAULT, 'aktywny', 'K'),
('Alicja', 'Grabowska', '600789654', '2024-02-10 19:15:00', 'aktywny', null),
('Natalia', 'Nowakowska', '502345678', '2024-02-20 10:20:15', 'aktywny', 'K'),
('Katarzyna', 'Nowakowska', '607890456', '2023-11-25 09:20:10', 'aktywny', 'K'),
('Micha³', 'Szymañski', '609876543', '2023-11-30 13:50:05', 'wylogowany', null),
('Ewa', 'Wiêcek', '500432567', DEFAULT, 'aktywny', 'M'),
('Ewa', NULL, '602987654', '2024-12-10 11:11:00', 'wylogowany', 'K'),
('Natalia', NULL, '503987654', '2024-05-15 09:35:15', 'aktywny',null),
('Grzegorz', 'Bia³ek', '809876543', '2024-05-20 19:25:50', 'wylogowany', 'M'),
('Aneta', 'WoŸniak', '602345678', '2024-05-25 13:40:20', 'aktywny', 'K'),
('Jakub', 'Kozak', '503456789', '2024-05-30 08:15:10', 'aktywny', 'M'),
('Renata', 'Dudek', '504567890', '2024-06-05 17:50:30', 'aktywny', 'K'),
('Jacek', 'Nowiñski', '908123456', '2024-06-18 21:25:15', 'aktywny', 'M'),
('Sylwia', 'Baran', '609234567', '2024-04-10 14:55:10', 'aktywny', 'K'),
('Damian', NULL, '502134567', '2024-04-16 11:20:50', 'aktywny', 'M'),
('Weronika', 'Ostrowska', '601987654', '2024-04-20 17:40:15', 'aktywny', 'K'),
('Artur', 'Ostrowska', '607654789', '2024-04-25 20:50:30', 'aktywny', 'M');

INSERT INTO Employees(name,surname,position,contract_start,contract_end,salary,pesel,gender,weekly_working_time)
VALUES ('Bartosz', 'Lysy', 'kierownik', '2023-11-11', '2025-11-11', 10000,null, 'M', DEFAULT),
('Alfred', 'Sprzedawczyk', 'sprzedawca', '2023-11-11', '2025-11-11', 4000, '96312450130', 'M', DEFAULT),
('£ukasz', 'Nowak', 'ochroniarz', '2024-01-15', '2027-01-15', 3600.2, '87120156789', 'M', 32),
('Ewelina', 'Wiœniewska', 'sprz¹tacz', '2024-02-01', '2028-02-01', 2000, '95021312345', 'K', 20),
('Tomasz', 'Mazur', 'kierownik', '2024-02-20', '2026-02-20', 12000, '85021423456', 'M', 40),
('Wojciech', 'Stêpieñ', 'ochroniarz', '2024-07-15', '2028-07-15', 3800, '85070145678', 'M', 40),
('Joanna', 'Lis', 'sprzedawca', '2024-08-01', '2029-08-01', 4600, '90080156789', 'K', 38),
('Piotr', 'Pawlak', 'kierownik', '2024-09-10', '2030-09-10', 11500.43, '88090178901', 'M', 60),
('Ewa', 'Nowicka', 'sprzedawca', '2024-10-01', '2029-10-01', 4400, null, 'K', 40),
('Patryk', 'Urban', 'ochroniarz', '2024-10-15', '2029-10-15', 3400, '85010156789', 'M', 30),
('Natalia', 'Koz³owska', 'sprz¹tacz', '2024-11-01', '2030-11-01', 2700.3, '97010134567', 'K', 22),
('Mateusz', 'Kaczmarek', 'sprzedawca', '2024-12-20', '2029-12-20', 4800, '89012123456', 'M', 40),
('Julia', 'Domañska', 'kierownik', '2024-04-01', '2029-04-02', 11500, '95040123456', 'K', 40),
('Piotr', 'Kubiak', 'ochroniarz', '2024-04-15', '2027-04-19', 3500, null, 'M', 35),
('Aleksandra', 'Zieliñska', 'sprz¹tacz', '2024-05-01', '2030-05-01', 2900, '96050156789', 'K', 20),
('Jakub', 'Lewandowski', 'sprzedawca', '2024-05-10', '2028-05-10', 4700, '91050123456', 'M', 40),
('Ewa', 'Zieliñska', 'ochroniarz', '2024-06-01', '2028-06-01', 3700, '97060123456', 'K', 36),
('Piotr', 'B³aszczyk', 'kierownik', '2024-06-20', '2029-06-21', 12500.5, '81060123456', 'M', 60),
('Tomasz', 'Król', 'ochroniarz', '2024-05-01', '2028-05-01', 3600, null, 'M', 35),
('Joanna', 'Baran', 'sprz¹tacz', '2024-05-15', '2030-05-15', 3100, '97051567890', 'K', 45),
('Maciej', 'Bia³ek', 'sprzedawca', '2024-06-01', '2028-06-01', 4700.87, '92060156789', 'M', 40),
('Zuzanna', 'Kaleta', 'ochroniarz', '2024-06-15', '2029-06-14', 3800, '96061523456', 'K', 36),
('Adam', 'Jastrzêbski', 'kierownik', '2024-07-01', '2030-07-01', 12800, null, 'M', 50);

INSERT INTO Working_hours(start_date,end_date,employee_id)
VALUES ('2024-12-01 08:00:00', '2024-12-01 16:00:00', 1),
('2024-12-02 09:00:00', '2024-12-02 17:00:00', 1),('2024-12-03 08:30:00', '2024-12-03 16:30:00', 1),
('2024-12-04 10:00:00', '2024-12-04 18:00:00', 1),

('2024-12-01 09:00:00', '2024-12-01 17:00:00', 2),
('2024-12-02 07:30:00', '2024-12-02 15:30:00', 2),
('2024-12-03 10:00:00', '2024-12-03 14:00:00', 2),
('2024-12-04 12:00:00', '2024-12-04 20:00:00', 2),

('2024-12-01 10:00:00', '2024-12-01 18:00:00', 3),
('2024-12-02 09:30:00', '2024-12-02 18:30:00', 3),
('2024-12-03 08:00:00', '2024-12-03 16:00:00', 3),
('2024-12-04 11:00:00', '2024-12-04 17:00:00', 3),

('2024-12-01 08:30:00', '2024-12-01 16:30:00', 4),
('2024-12-02 11:00:00', '2024-12-02 19:00:00', 4),
('2024-12-03 09:00:00', '2024-12-03 15:00:00', 4),
('2024-12-04 08:00:00', '2024-12-04 16:00:00', 4),

('2024-12-01 07:30:00', '2024-12-01 15:30:00', 5),
('2024-12-02 13:00:00', '2024-12-02 21:00:00', 5),
('2024-12-03 10:30:00', '2024-12-03 18:30:00', 5),
('2024-12-04 09:00:00', '2024-12-04 14:00:00', 5),

('2024-12-01 09:30:00', '2024-12-01 15:00:00', 6),
('2024-12-02 08:00:00', '2024-12-02 16:00:00', 6),
('2024-12-03 07:00:00', '2024-12-03 15:00:00', 6),
('2024-12-04 10:30:00', '2024-12-04 18:30:00', 6),

('2024-12-01 10:30:00', '2024-12-01 18:30:00', 7),
('2024-12-02 09:00:00', '2024-12-02 17:00:00', 7),
('2024-12-03 12:00:00', '2024-12-03 23:00:00', 7),
('2024-12-04 08:30:00', '2024-12-04 16:30:00', 7),

('2024-12-01 18:00:00', '2024-12-02 4:46:00', 8),
('2024-12-02 10:30:00', '2024-12-02 18:30:00', 8),
('2024-12-03 19:30:00', '2024-12-04 02:30:00', 8),

('2024-12-01 09:00:00', '2024-12-01 17:00:00', 9),
('2024-12-02 12:00:00', '2024-12-02 20:00:00', 9),
('2024-12-03 08:30:00', '2024-12-03 16:30:00', 9),
('2024-12-04 10:00:00', '2024-12-05 0:00:00', 9),

('2024-12-01 07:00:00', '2024-12-01 15:00:00', 10),
('2024-12-02 13:30:00', '2024-12-02 21:30:00', 10),
('2024-12-03 08:30:00', '2024-12-03 19:30:00', 10),
('2024-12-04 09:00:00', '2024-12-04 17:00:00', 10),

('2024-12-02 18:00:00', '2024-12-03 04:00:00', 11),
('2024-12-03 08:00:00', '2024-12-03 16:00:00', 11),
('2024-12-04 12:00:00', '2024-12-04 20:00:00', 11),

('2024-12-01 08:00:00', '2024-12-01 16:00:00', 12),
('2024-12-02 09:30:00', '2024-12-02 15:30:00', 12),
('2024-12-03 07:30:00', '2024-12-03 15:30:00', 12),
('2024-12-04 10:30:00', '2024-12-04 18:30:00', 12),

('2024-12-01 09:00:00', '2024-12-01 17:00:00', 13),
('2024-12-02 11:00:00', '2024-12-02 19:00:00', 13),
('2024-12-03 08:30:00', '2024-12-03 16:30:00', 13),
('2024-12-04 12:00:00', '2024-12-05 1:00:00', 13),

('2024-12-01 07:00:00', '2024-12-01 15:00:00', 14),
('2024-12-02 10:00:00', '2024-12-03 10:00:00', 14),
('2024-12-03 18:30:00', '2024-12-04 18:30:00', 14),

('2024-12-01 08:30:00', '2024-12-01 13:30:00', 15),
('2024-12-02 12:00:00', '2024-12-02 20:00:00', 15),
('2024-12-03 10:00:00', '2024-12-03 18:00:00', 15),
('2024-12-04 08:30:00', '2024-12-04 16:30:00', 15),

('2024-12-01 10:00:00', '2024-12-01 18:00:00', 16),
('2024-12-02 08:00:00', '2024-12-02 15:00:00', 16),
('2024-12-03 12:00:00', '2024-12-03 20:00:00', 16),
('2024-12-04 07:30:00', '2024-12-04 15:30:00', 16),

('2024-12-01 09:30:00', '2024-12-01 17:30:00', 17),
('2024-12-02 05:00:00', '2024-12-02 15:00:00', 17),
('2024-12-03 11:00:00', '2024-12-03 19:00:00', 17),
('2024-12-04 10:00:00', '2024-12-04 19:00:00', 17),

('2024-12-01 08:00:00', '2024-12-01 13:00:00', 18),
('2024-12-02 09:00:00', '2024-12-02 17:00:00', 18),
('2024-12-03 10:30:00', '2024-12-03 18:30:00', 18),
('2024-12-04 12:00:00', '2024-12-04 23:00:00', 18),

('2024-12-01 07:30:00', '2024-12-01 15:30:00', 19),
('2024-12-02 10:30:00', '2024-12-02 18:30:00', 19),
('2024-12-03 09:00:00', '2024-12-03 17:00:00', 19),
('2024-12-04 08:30:00', '2024-12-04 11:30:00', 19),

('2024-12-01 08:30:00', '2024-12-01 16:30:00', 20),
('2024-12-02 12:00:00', '2024-12-02 20:00:00', 20),
('2024-12-03 07:00:00', '2024-12-03 13:00:00', 20),
('2024-12-04 18:00:00', '2024-12-05 08:00:00', 20),

('2024-12-01 08:30:00', '2024-12-01 16:30:00', 21),
('2024-12-02 10:00:00', '2024-12-02 18:00:00', 21),
('2024-12-03 09:00:00', '2024-12-03 17:00:00', 21),
('2024-12-04 11:00:00', '2024-12-04 14:00:00', 21),

('2024-12-01 07:30:00', '2024-12-01 15:00:00', 22),
('2024-12-02 12:30:00', '2024-12-02 20:00:00', 22),
('2024-12-03 08:30:00', '2024-12-03 16:30:00', 22),
('2024-12-04 09:30:00', '2024-12-04 17:30:00', 22),

('2024-12-01 10:30:00', '2024-12-01 18:30:00', 23),
('2024-12-02 11:00:00', '2024-12-02 19:00:00', 23),
('2024-12-03 07:30:00', '2024-12-03 15:30:00', 23),
('2024-12-04 12:00:00', '2024-12-04 20:00:00', 23);


INSERT INTO Companies(krs,name,country,city,main_type)
VALUES ('12345678901234', 'Snickers', 'Polska', 'Gdañsk', 'batony'),
('23456789012345', 'Milka', 'Polska', 'Warszawa', 'czekolada'),
('34567890123456', 'Wedel', 'Polska', 'Kraków', 'czekolada'),
('45678901234567', 'Polskie Przysmaki', 'Polska', 'Gdañsk', 'chipsy'),
('56789012345678', 'Coca-Cola', 'Polska', 'Poznañ', 'napoje'),
('67890123456789', 'Pepsi', 'Polska', 'Wroc³aw', 'napoje'),
('78901234567890', 'Nestle', 'Polska', null, 'produkty spo¿ywcze'),
('89012345678901', 'Eko-Handel', 'Polska', 'Wroc³aw', 'owoce i warzywa'),
('90123456789012', 'Gastro-Geniusz', 'Polska', 'Lublin', 'owoce i warzywa'),
('01234567890123', 'Fanta', 'Polska', 'Zielona Góra', 'napoje'),
('11234567890123', 'Danio', 'Polska', 'Gdynia', 'produkty mleczne'),
('21234567890123', 'Tymbark', 'Polska', 'Radom', 'soki'),
('31234567890123', 'Hortex', 'Polska', 'Rzeszów', 'soki'),
('41234567890123', 'KitKat', 'Polska', 'Wroc³aw', 'batony'),
('51234567890123', 'Red Bull', 'Polska', 'Opole', 'napoje energetyczne'),
('61234567890123', 'Tiger', 'Polska', 'Zielona Góra', 'napoje energetyczne'),
('71234567890123', 'Lipton', 'Polska', 'Toruñ', 'herbaty'),
('81234567890123', 'Jacobs', 'Polska', null, 'kawa'),
('91234567890123', 'Tchibo', 'Polska', 'Gdynia', 'kawa'),
('01234567890122', 'Cisowianka', 'Polska', 'Kalisz', 'woda mineralna'),
('66789012345678', 'Red Bull', 'Austria', 'Salzburg', 'napoje energetyczne'),
('88901234567890', 'Heineken', 'Holandia', null, 'piwo'),
('99012345678901', 'Carlsberg', 'Dania', 'Kopenhaga', 'piwo'),
('10123456789012', 'Lays', 'Niemcy', 'Berlin', 'chipsy'),
('21123456789012', 'TopChips', 'Niemcy', 'Berlin', 'chipsy'),
('11123456789012', 'BMW', 'Niemcy', null, 'motoryzacja');

INSERT INTO Suppliers(name,surname,phone_number,reliability_score,company_krs)
VALUES ('Bartosz','Piekny','123242522',null,'12345678901234'),
('Marta', 'Wiœniewska', null, null, '12345678901234'),
('Tomasz', 'Zieliñski', '345678901', 7, '12345678901234'),
('Ewa', 'Mazur', '456789012', 9, '45678901234567'),
('Micha³', 'Nowak', '567890123', 6, '56789012345678'),
('Karolina', 'Kowalska', '678901234', 10, '10123456789012'),
('Jakub', 'Lewandowski', '789012345', 5, '81234567890123'),
('Katarzyna', 'Lis', null, 2, '90123456789012'),
('Wojciech', 'Baran', '901234567', 7, '90123456789012'),
('Adam', 'B³aszczyk', '123456789', 9, '10123456789012'),
('Adam', 'Król', '789123456', 7, '10123456789012'),
('Adam', 'Urban', '891234567', 5, '10123456789012'),
('Julia', 'Wójcik', '912345678', null, '41234567890123'),
('Julia', 'Wójcik', '123456700', 5, '41234567890123'),
('Micha³', 'Górski', null, null, '90123456789012'),
('Patryk', 'Baran', '901234889', 9, '11123456789012'),
('Zuzanna', 'Kowalczyk', '123456990', 7, '99012345678901'),
('Wojciech', 'Nowicki', '234567001', 8, '11123456789012'),
('Micha³', 'Szymañski', '345678112', 10, '21234567890123'),
('Ewelina', 'Pawlik', null, 3, '51234567890123'),
('Andrzej', 'Nowicki', '456789334', 4, '51234567890123'),
('Joanna', 'Ostrowska', '567890445', null, '81234567890123'),
('Andrzej', 'Nowicki', '678901556', 2, '01234567890122'),
('Sylwia', 'Lis', null, 1, '10123456789012'),
('Sylwia', 'Lis', '890123778', 6, '41234567890123'),
('Monika', 'Lis', '789012678', 10, '10123456789012'),
('Mateusz', 'Kubiak', null, 6, '41234567890123'),
('Agata', 'Bia³ek', '901234890', 7, '23456789012345'),
('Tomasz', 'Urban', '123456001', null, '23456789012345'),
('Ewa', 'Grabowska', '234567112', 10, '11123456789012'),
('Jan', 'Kaleta', '345678223', 7, '21234567890123');

INSERT INTO Products(ean,name,type,unit_price,amount_in_storage,vat,company_krs)
VALUES ('1231231231231','ziemniaki Gastro-Geniusz na luz','warzywa',2.59,1005.45,0.23,'90123456789012'),
('2342342342342', 'jab³ka  Gastro-Geniusz na luz', 'owoce', 3.49, 2000.30, 0.23, '90123456789012'),
('3453453453453', 'pomarañcze Gastro-Geniusz na luz ', 'owoce', 4.99, 1500.75, 0.23, '90123456789012'),
('4564564564564', 'marchewki Gastro-Geniusz na luz', 'warzywa', 1.99, 1800.65, 0.23, '90123456789012'),
('8908908908908', 'kapusta Eko-Handel na luz', 'warzywa', 1.29, 2676.20, 0.23, '89012345678901'),
('9019019019019', 'pomidory Eko-Handel na luz', 'warzywa', 2.99, 1870.85, 0.23, '89012345678901'),
('0120120120120', 'ziemniaki Eko-Handel na luz', 'warzywa', 2.39, 1290.75, 0.23, '89012345678901'),--tansze ziemniaki z innej firmy
('1231231231235', 'Snickers baton 50g', 'batony', 2.59, 175, 0.23, '12345678901234'),
('2345678901234', 'Milka czekolada 100g', 'czekolada', 3.49, 855, 0.23, '23456789012345'),
('3456789012345', 'Wedel czekolada 100g', 'czekolada', 4.99, 932, 0.23, '34567890123456'),
('4567890123456', 'Polskie Przysmaki chipsy papryka 200g', 'chipsy', 5.99, 100, 0.08, '45678901234567'),
('5678901234567', 'Coca-Cola butelka 1l', 'napoje', 6.49, 200, 0.23, '56789012345678'),
('6789012345678', 'Pepsi butelka 1l', 'napoje', 6.39, 150, 0.23, '67890123456789'),
('7890123456789', 'Nestle Chocolates', 'produkty spo¿ywcze', 6.99, 80, 0.23, '78901234567890'),
('0123456789012', 'Fanta butelka 1l', 'napoje', 5.29, 175, 0.23, '01234567890123'),
('1123456789012', 'Danio Yogurt', 'produkty mleczne', 3.79, 95, 0.23, '11234567890123'),
('2123456789012', 'Tymbark pomarancz', 'soki', 4.49, 140, 0.23, '21234567890123'),
('2123456789013', 'Tymbark jablko', 'soki', 4.49, 146, 0.23, '21234567890123'),
('3123456789012', 'Hortex Juices', 'soki', 3.99, 125, 0.23, '31234567890123'),
('4123456789012', 'KitKat 50 g', 'batony', 2.89, 1110, 0.23, '41234567890123'),
('5123456789012', 'Red Bull 0.5', 'napoje energetyczne', 6.49, 995, 0.23, '51234567890123'),
('6123456789012', 'Tiger Energy Drink 0.33l', 'napoje energetyczne', 5.99, 880, 0.23, '61234567890123'),
('7123456789012', 'Lipton Tea 1.5l', 'herbaty', 3.19, 120, 0.23, '71234567890123'),
('8123456789013', 'Jacobs Coffee 1kg', 'kawa', 25.99, 765, 0.08, '81234567890123'),
('8123456789012', 'Jacobs Coffee 0.5kg', 'kawa', 16.99, 265, 0.08, '81234567890123'),
('9123456789012', 'Tchibo Coffee', 'kawa', 20.49, 2355, 0.08, '91234567890123'),
('0123456789013', 'Cisowianka 1,5l', 'woda mineralna', 1.09, 4000, 0.08, '01234567890122'),
('0123456789014', 'Cisowianka 5l', 'woda mineralna', 3.09, 564, 0.08, '01234567890122'),
('6678901234567', 'Red Bull 0,33l', 'napoje energetyczne', 5.99, 185, 0.23, '66789012345678'),
('8890123456789', 'Heineken 0,5l', 'piwo', 4.59, 4000, 0.23, '88901234567890'),
('9901234567890', 'Carlsberg 0,5l', 'piwo', 4.49, 1430, 0.23, '99012345678901'),
('1012345678901', 'Lays zielona zielona cebulka 170g', 'chipsy', 9.39, 186, 0.23, '10123456789012'),
('1012345678909', 'Lays zielona papryka 170g', 'chipsy', 9.39, 196, 0.23, '10123456789012'),
('2112345678901', 'Top Chips zielona ceulka 200g', 'chipsy', 5.49, 180, 0.23, '21123456789012'),
('2112345678921', 'Top Chips papryka 200g', 'chipsy', 5.49, 190, 0.23, '21123456789012'),
('2112345678951', 'Top Paluszki 150 g', 'przysmaki', 4.49, 170, 0.23, '21123456789012'),
('1112345678901', 'BMW', 'motoryzacja', 30000.00, 10, 0.05, '11123456789012');

INSERT INTO Deliveries(id,products_cost,transport_cost,status,date_of_submission,date_of_arrival,everything_correct,comments,supplier_id)
VALUES ('123123123123123123',0.00,150.45,'dostarczono','2024-12-01 08:25:50','2024-12-02 12:30:00','tak',null,1),
('123123123123123124',0.00,250.99,'dostarczono','2024-12-01 12:25:50','2024-12-03 13:45:00','tak','wszystko ok',2),
('123123123123123125', 0.00, 180.50, 'dostarczono', '2024-12-01 09:00:00', '2024-12-02 14:00:00', 'tak', null, 3),
('123123123123123126', 0.00, 220.75, 'oczekuje', '2024-12-01 10:30:00', null, 'nie', 'Uszkodzone opakowanie', 4),
('123123123123123127', 0.00, 300.00, 'przygotowywana', '2024-12-01 11:00:00', null, 'tak', 'Wszystko w porz¹dku', 5),
('123123123123123128', 0.00, 150.00, 'anulowano', '2024-12-01 12:00:00', null, null, null, 6),
('123123123123123129', 0.00, 275.25, 'dostarczono', '2024-12-02 13:00:00', '2024-12-03 18:00:00', 'tak', 'Brak uwag', 7),
('123123123123123130', 0.00, 190.60, 'dostarczono', '2024-12-02 14:00:00', '2024-12-04 19:00:00', 'nie', 'Uszkodzone opakowanie', 8),
('123123123123123131', 0.00, 210.80, 'dostarczono', '2024-12-02 15:00:00', '2024-12-04 20:00:00', 'tak', 'Wszystko w porz¹dku', 9),
('123123123123123132', 0.00, 160.90, 'anulowano', '2024-12-03 16:00:00', null, null , null, 10),
('123123123123123133', 0.00, 230.45, 'dostarczono', '2024-12-03 17:00:00', '2024-12-04 22:00:00', 'nie', 'Nic nie zamowiono a przyjechalo', 11),
('123123123123123134', 0.00, 250.75, 'oczekuje', '2024-12-03 18:00:00', null, 'nie', 'Uszkodzone opakowanie', 12),
('123123123123123135', 0.00, 300.00, 'dostarczono', '2024-12-01 11:00:00', '2024-12-04 16:00:00', 'tak', 'Wszystko w porz¹dku', 5),
('123123123123123136', 0.00, 150.00, 'anulowano', '2024-12-01 12:00:00', NULL, NULL, 'Brak uwag', 6),
('123123123123123137', 0.00, 275.25, 'dostarczono', '2024-12-02 13:00:00', '2024-12-03 18:00:00', 'tak', 'Brak uwag', 7),
('123123123123123138', 0.00, 190.60, 'oczekuje', '2024-12-02 14:00:00', null, 'nie', 'Uszkodzone opakowanie', 8),
('123123123123123139', 0.00, 210.80, 'przygotowywana', '2024-12-02 15:00:00', null, 'tak', 'Wszystko w porz¹dku', 9),
('123123123123123140', 0.00, 160.90, 'anulowano', '2024-12-03 16:00:00', NULL, NULL, 'Brak uwag', 15),
('123123123123123141', 0.00, 230.45, 'dostarczono', '2024-12-03 17:00:00', '2024-12-04 22:00:00', 'tak', 'Brak uwag', 11),
('123123123123123142', 0.00, 250.75, 'dostarczono', '2024-12-03 18:00:00', '2024-12-04 23:00:00', 'nie', 'Uszkodzone opakowanie', 12),
('123123123123123143', 0.00, 180.50, 'dostarczono', '2024-12-01 09:00:00', '2024-12-02 14:00:00', 'tak', 'Brak uwag', 14),
('123123123123123144', 0.00, 220.75, 'oczekuje', '2024-12-01 10:30:00', null, 'tak', 'Brak uwag', 14),
('123123123123123145', 0.00, 300.00, 'przygotowywana', '2024-12-01 11:00:00',null, 'tak', 'Wszystko w porz¹dku', 15),
('123123123123123146', 0.00, 150.00, 'anulowano', '2024-12-01 12:00:00', NULL, NULL, 'Brak uwag', 16),
('123123123123123147', 0.00, 275.25, 'dostarczono', '2024-12-02 13:00:00', '2024-12-03 18:00:00', 'tak', 'Brak uwag', 17),
('123123123123123148', 0.00, 190.60, 'oczekuje', '2024-12-02 14:00:00', null, 'nie', 'Uszkodzone opakowanie', 18),
('123123123123123149', 0.00, 210.80, 'dostarczono', '2024-12-02 15:00:00', '2024-12-04 20:00:00', 'tak', 'Wszystko w porz¹dku', 19),
('123123123123123150', 0.00, 160.90, 'anulowano', '2024-12-03 16:00:00', NULL, NULL, null, 10),
('123123123123123151', 0.00, 230.45, 'dostarczono', '2024-12-03 17:00:00', '2024-12-04 22:00:00', 'tak', 'Brak uwag', 11),
('123123123123123152', 0.00, 250.75, 'oczekuje', '2024-12-03 18:00:00', null, 'nie', 'Uszkodzone opakowanie', 20);

INSERT INTO Delivery_products(delivery_id,product_ean,amount)
VALUES 
('123123123123123127', '1112345678901', 15),
('123123123123123127', '2112345678951', 250),
('123123123123123128', '9901234567890', 700),
('123123123123123128', '1012345678901', 850),
('123123123123123129', '1231231231231', 550.1),
('123123123123123129', '1112345678901', 12),
('123123123123123129', '2112345678951', 220),
('123123123123123130', '9901234567890', 750),
('123123123123123130', '1012345678901', 950),
('123123123123123131', '1231231231231', 650),
('123123123123123131', '1112345678901', 18),
('123123123123123131', '2112345678951', 300),
('123123123123123132', '9901234567890', 600),
('123123123123123132', '1012345678901', 800),
('123123123123123123', '1231231231231', 555),
('123123123123123123', '1112345678901', 1),
('123123123123123123', '2112345678951', 150),
('123123123123123124', '9901234567890', 1000),
('123123123123123124', '1012345678901', 1000),
('123123123123123125', '1231231231231', 500),
('123123123123123125', '1112345678901', 10),
('123123123123123125', '2112345678951', 200),
('123123123123123126', '2342342342342', 300),
('123123123123123126', '3453453453453', 150),
('123123123123123126', '4564564564564', 200),
('123123123123123127', '8908908908908', 250),
('123123123123123127', '9019019019019', 100),
('123123123123123127', '0120120120120', 400),
('123123123123123128', '1231231231235', 50),
('123123123123123128', '2345678901234', 75),
('123123123123123128', '3456789012345', 60),
('123123123123123129', '4567890123456', 80),
('123123123123123129', '5678901234567', 90),
('123123123123123129', '6789012345678', 70),
('123123123123123130', '7890123456789', 40),
('123123123123123130', '0123456789012', 500),
('123123123123123130', '1123456789012', 30),
('123123123123123131', '2123456789012', 45),
('123123123123123131', '3123456789012', 55),
('123123123123123131', '4123456789012', 65),
('123123123123123132', '5123456789012', 35),
('123123123123123132', '6123456789012', 25),
('123123123123123132', '7123456789012', 20),
('123123123123123134', '0123456789013', 600),
('123123123123123134', '0123456789014', 700),
('123123123123123134', '6678901234567', 800),
('123123123123123135', '8890123456789', 900),
('123123123123123135', '9901234567890', 1000),
('123123123123123135', '1012345678901', 1100),
('123123123123123136', '1012345678909', 1200),
('123123123123123136', '2112345678901', 1300),
('123123123123123136', '2112345678921', 1400),
('123123123123123137', '1112345678901', 1600),
('123123123123123137', '1231231231231', 555),
('123123123123123138', '2342342342342', 300),
('123123123123123138', '3453453453453', 150),
('123123123123123138', '4564564564564', 200),
('123123123123123139', '8908908908908', 250),
('123123123123123139', '9019019019019', 100),
('123123123123123139', '0120120120120', 400),
('123123123123123140', '1231231231235', 50),
('123123123123123140', '2345678901234', 75),
('123123123123123140', '3456789012345', 60),
('123123123123123141', '4567890123456', 80),
('123123123123123141', '5678901234567', 90),
('123123123123123141', '6789012345678', 70),
('123123123123123142', '7890123456789', 40),
('123123123123123142', '0123456789012', 500),
('123123123123123142', '1123456789012', 30),
('123123123123123143', '2123456789012', 45),
('123123123123123143', '3123456789012', 55),
('123123123123123143', '4123456789012', 65),
('123123123123123144', '5123456789012', 35),
('123123123123123144', '6123456789012', 25),
('123123123123123144', '7123456789012', 20),
('123123123123123145', '8123456789013', 15),
('123123123123123145', '8123456789012', 10),
('123123123123123145', '9123456789012', 5),
('123123123123123146', '0123456789013', 600),
('123123123123123146', '0123456789014', 700),
('123123123123123146', '6678901234567', 800),
('123123123123123147', '8890123456789', 900),
('123123123123123147', '9901234567890', 1000),
('123123123123123147', '1012345678901', 1100),
('123123123123123148', '1012345678909', 1200),
('123123123123123148', '2112345678901', 1300),
('123123123123123148', '2112345678921', 1400),
('123123123123123149', '2112345678951', 1500),
('123123123123123149', '1112345678901', 1600),
('123123123123123149', '1231231231231', 555),
('123123123123123150', '2342342342342', 300),
('123123123123123150', '3453453453453', 150),
('123123123123123150', '4564564564564', 200),
('123123123123123151', '8908908908908', 250),
('123123123123123151', '9019019019019', 100),
('123123123123123151', '0120120120120', 400),
('123123123123123152', '1231231231235', 50),
('123123123123123152', '2345678901234', 75),
('123123123123123152', '3456789012345', 60);



INSERT INTO Transactions (date,overall_price,payment_method,cash_register_type,cash_register_number,employee_id,client_id)
VALUES('2024-12-01 08:25:50', 0.00, 'karta', 'samoobs³ugowa', 4, NULL, 1),/*wpisuje 0 do overall price ale potem trigger updatuje*/
('2024-12-02 08:30:00', 0.00, 'karta', 'klasyczna', 4, 1, 1),
('2024-12-01 15:00:00', 0.00, 'gotowka', 'klasyczna', 2, 2, 2),
('2024-12-01 09:15:00', 0.00, 'karta', 'samoobs³ugowa', 3, NULL, 3),
('2024-12-01 07:30:00', 0.00, 'gotowka', 'klasyczna', 1, 5, null),
('2024-12-01 10:20:00', 0.00, 'karta', 'samoobs³ugowa', 5, NULL, 2),
('2024-12-01 21:15:00', 0.00, 'karta', 'klasyczna', 1, 2, 3),
('2024-12-01 10:50:00', 0.00, 'karta', 'samoobs³ugowa', 2, NULL, 4),
('2024-12-01 21:45:00', 0.00, 'gotowka', 'klasyczna', 3, 9, 5),
('2024-12-01 11:10:00', 0.00, 'karta', 'samoobs³ugowa', 5, NULL, null),
('2024-12-01 14:15:00', 0.00, 'gotowka', 'klasyczna', 5, 23, 7),
('2024-12-01 20:30:00', 0.00, 'karta', 'samoobs³ugowa', 2, NULL, 8),
('2024-12-01 11:45:00', 0.00, 'karta', 'klasyczna', 5, 23, null),
('2024-12-01 13:54:00', 0.00, 'karta', 'samoobs³ugowa', 1, NULL, null),
('2024-12-01 12:43:00', 0.00, 'gotowka', 'klasyczna', 2, 23, 12),
('2024-12-02 12:30:00', 0.00, 'karta', 'samoobs³ugowa', 5, NULL, 12),
('2024-12-02 08:45:00', 0.00, 'gotowka', 'klasyczna', 4, 7, 13),
('2024-12-02 19:00:00', 0.00, 'karta', 'samoobs³ugowa', 4, NULL, 14),
('2024-12-02 13:15:00', 0.00, 'karta', 'klasyczna', 4, 9, 15),
('2024-12-02 13:30:00', 0.00, 'karta', 'samoobs³ugowa', 2, NULL, 16),
('2024-12-02 18:45:00', 0.00, 'gotowka', 'klasyczna', 3, 9, 17),
('2024-12-02 14:00:00', 0.00, 'karta', 'samoobs³ugowa', 4, NULL, 21),
('2024-12-03 17:15:00', 0.00, 'gotowka', 'klasyczna', 1, 12, 21),
('2024-12-03 14:15:00', 0.00, 'karta', 'samoobs³ugowa', 2, NULL, null),
('2024-12-03 15:45:00', 0.00, 'karta', 'klasyczna', 3, 12, 21),
('2024-12-03 16:00:00', 0.00, 'karta', 'samoobs³ugowa', 2, NULL, 22),
('2024-12-03 15:15:00', 0.00, 'gotowka', 'klasyczna', 4, 12, 9),
('2024-12-03 16:30:00', 0.00, 'karta', 'samoobs³ugowa', 1, NULL, 6),
('2024-12-04 15:45:00', 0.00, 'gotowka', 'klasyczna', 2, 13, 2),
('2024-12-04 08:00:00', 0.00, 'karta', 'samoobs³ugowa',4, NULL, null),
('2024-12-04 08:15:00', 0.00, 'gotowka', 'klasyczna', 3, 16, 1),
('2024-12-04 17:00:00', 0.00, 'karta', 'samoobs³ugowa', 4, NULL, 1),
('2024-12-04 17:15:00', 0.00, 'karta', 'klasyczna', 3, 16, 25),
('2024-12-04 14:30:00', 0.00, 'karta', 'samoobs³ugowa', 2, NULL, 24),
('2024-12-04 14:45:00', 0.00, 'gotowka', 'klasyczna', 1, 5, 24),
('2024-12-04 14:00:00', 0.00, 'karta', 'samoobs³ugowa', 5, NULL, 26),
('2024-12-04 08:15:00', 0.00, 'gotowka', 'klasyczna', 4, 7, 28),
('2024-12-04 08:30:00', 0.00, 'karta', 'samoobs³ugowa', 3, NULL, null),
('2024-12-04 18:45:00', 0.00, 'karta', 'klasyczna', 2, 9, null),
('2024-12-04 19:00:00', 0.00, 'karta', 'samoobs³ugowa', 1, NULL, 28),
('2024-12-04 19:15:00', 0.00, 'gotowka', 'klasyczna', 5, 12, null);


INSERT INTO Transaction_products (transaction_number, product_ean, amount)
VALUES (1, '1231231231231', 2.71),
(1, '2342342342342', 3.32),
(1, '3453453453453', 1.4),
(1, '1123456789012', 2.0),
(1, '2123456789012', 1.0),
(1, '2112345678951', 7.0),
(1, '1112345678901', 1.0),
(1, '9123456789012', 2.0),
(1, '0123456789013', 1.0),
(2, '4564564564564', 2.57),
(2, '8908908908908', 0.83),
(2, '0123456789014', 2.0),
(2, '6678901234567', 3.0),
(2, '9019019019019', 2.61),
(2, '2123456789013', 2.0),
(2, '3123456789012', 3.0),
(3, '0120120120120', 3.99),
(3, '1231231231235', 15.0),
(3, '2345678901234', 2.0),
(3, '4123456789012', 1.0),
(3, '5123456789012', 2.0),
(3, '8890123456789', 1.0),
(3, '9901234567890', 2.0),
(4, '3456789012345', 1.0),
(4, '4567890123456', 2.0),
(4, '6123456789012', 10.0),
(4, '1012345678901', 1.0),
(4, '1012345678909', 2.0),
(4, '7123456789012', 2.0),
(4, '5678901234567', 6.0),
(5, '0123456789013', 3.0),
(5, '6789012345678', 2.0),
(5, '7890123456789', 3.0),
(5, '0123456789012', 9.0),
(5, '8123456789013', 3.0),
(5, '8123456789012', 1.0),
(5, '2112345678901', 3.0),
(5, '2112345678921', 5.0),
(6, '1231231231231', 2.25),
(6, '2342342342342', 3.0),
(6, '3453453453453', 1.6),
(6, '4564564564564', 2.0),
(6, '8908908908908', 6.76),
(6, '9019019019019', 2.91),
(6, '0120120120120', 3.0),
(7, '1231231231235', 1.0),
(7, '2345678901234', 2.0),
(7, '3456789012345', 3.0),
(8, '4567890123456', 2.0),
(8, '5678901234567', 1.0),
(8, '6789012345678', 5.0),
(8, '7890123456789', 3.0),
(8, '0123456789012', 1.0),
(8, '1123456789012', 2.0),
(9, '4123456789012', 1.0),
(10, '5123456789012', 2.0),
(10, '6123456789012', 4.0),
(10, '7123456789012', 2.0),
(10, '8123456789013', 8.0),
(10, '8123456789012', 1.0),
(11, '9123456789012', 2.0),
(11, '0123456789013', 1.0),
(11, '0123456789014', 2.0),
(11, '6678901234567', 3.0),
(11, '8890123456789', 7.0),
(12, '9901234567890', 2.0),
(12, '1012345678901', 1.0),
(12, '1012345678909', 2.0),
(12, '2112345678901', 4.0),
(12, '2112345678921', 7.0),
(13, '2112345678951', 2.0),
(13, '1112345678901', 1.0),
(13, '1231231231231', 2.0),
(13, '2342342342342', 3.0),
(13, '3453453453453', 1.7),
(14, '4564564564564', 8.0),
(14, '8908908908908', 1.0),
(14, '9019019019019', 2.0),
(14, '0120120120120', 3.8),
(14, '1231231231235', 1.0),
(15, '2345678901234', 2.0),
(15, '3456789012345', 1.0),
(15, '4567890123456', 5.0),
(15, '5678901234567', 1.0),
(15, '6789012345678', 9.0),
(15, '7890123456789', 3.0),
(15, '0123456789012', 1.0),
(16, '1231231231231', 2.0),
(16, '2342342342342', 3.0),
(16, '3453453453453', 1.0),
(16, '4564564564564', 2.0),
(16, '8908908908908', 1.0),
(17, '9019019019019', 2.0),
(17, '0120120120120', 3.0),
(17, '1231231231235', 1.0),
(17, '2345678901234', 2.0),
(17, '3456789012345', 1.0),
(17, '4567890123456', 2.0),
(18, '5678901234567', 1.0),
(18, '6789012345678', 2.0),
(18, '7890123456789', 3.0),
(18, '0123456789012', 1.0),
(19, '1123456789012', 2.0),
(19, '2123456789012', 1.0),
(19, '2123456789013', 2.0),
(19, '3123456789012', 3.0),
(19, '4123456789012', 1.0),
(20, '5123456789012', 2.0),
(20, '6123456789012', 1.0),
(20, '7123456789012', 2.0),
(20, '8123456789013', 3.0),
(21, '8123456789012', 1.0),
(21, '9123456789012', 2.0),
(21, '0123456789013', 1.0),
(21, '0123456789014', 2.0),
(21, '6678901234567', 3.0),
(21, '8890123456789', 1.0),
(22, '9901234567890', 2.0),
(22, '1012345678901', 1.0),
(22, '1012345678909', 2.0),
(22, '2112345678901', 3.0),
(23, '2112345678921', 1.0),
(23, '2112345678951', 2.0),
(23, '1112345678901', 1.0),
(23, '1231231231231', 2.0),
(23, '2342342342342', 3.0),
(24, '3453453453453', 1.0),
(24, '4564564564564', 2.0),
(24, '8908908908908', 1.0),
(24, '9019019019019', 2.0),
(24, '0120120120120', 3.0),
(24, '1231231231235', 1.0),
(25, '2345678901234', 2.0),
(25, '3456789012345', 1.0),
(25, '4567890123456', 2.0),
(26, '5678901234567', 1.0),
(26, '6789012345678', 2.0),
(26, '7890123456789', 3.0),
(26, '0123456789012', 1.0),
(26, '1231231231231', 2.71),
(26, '2342342342342', 3.32),
(26, '3453453453453', 1.4),
(26, '1123456789012', 2.0),
(26, '2123456789012', 1.0),
(26, '2112345678951', 7.0),
(26, '1112345678901', 1.0),
(26, '9123456789012', 2.0),
(26, '0123456789013', 1.0),
(27, '4564564564564', 2.57),
(27, '8908908908908', 0.83),
(27, '0123456789014', 2.0),
(27, '6678901234567', 3.0),
(27, '9019019019019', 2.61),
(27, '2123456789013', 2.0),
(27, '3123456789012', 3.0),
(28, '0120120120120', 3.99),
(28, '1231231231235', 15.0),
(28, '2345678901234', 2.0),
(28, '4123456789012', 1.0),
(28, '5123456789012', 2.0),
(28, '8890123456789', 1.0),
(28, '9901234567890', 2.0),
(29, '3456789012345', 1.0),
(29, '4567890123456', 2.0),
(29, '6123456789012', 10.0),
(29, '1012345678901', 1.0),
(29, '1012345678909', 2.0),
(29, '7123456789012', 2.0),
(29, '5678901234567', 3.0),
(29, '6789012345678', 2.0),
(29, '7890123456789', 3.0),
(29, '0123456789012', 9.0),
(30, '8123456789013', 3.0),
(30, '8123456789012', 1.0),
(30, '2112345678901', 3.0),
(30, '2112345678921', 5.0),
(31, '1231231231231', 2.0),
(31, '2342342342342', 3.0),
(31, '3453453453453', 1.0),
(31, '4564564564564', 2.0),
(31, '8908908908908', 1.0),
(32, '9019019019019', 2.0),
(32, '0120120120120', 3.0),
(32, '1231231231235', 1.0),
(32, '2345678901234', 2.0),
(32, '3456789012345', 1.0),
(33, '4567890123456', 2.0),
(33, '5678901234567', 1.0),
(33, '6789012345678', 2.0),
(33, '7890123456789', 3.0),
(33, '0123456789012', 1.0),
(34, '1123456789012', 2.0),
(34, '2123456789012', 1.0),
(34, '2123456789013', 2.0),
(34, '3123456789012', 3.0),
(34, '4123456789012', 1.0),
(35, '5123456789012', 2.0),
(35, '6123456789012', 1.0),
(35, '7123456789012', 2.0),
(35, '8123456789013', 3.0),
(35, '8123456789012', 1.0),
(36, '9123456789012', 2.0),
(36, '0123456789013', 1.0),
(36, '0123456789014', 2.0),
(36, '6678901234567', 3.0),
(36, '8890123456789', 1.0),
(37, '9901234567890', 2.0),
(37, '1012345678901', 1.0),
(37, '1012345678909', 2.0),
(37, '2112345678901', 3.0),
(37, '2112345678921', 1.0),
(38, '2112345678951', 2.0),
(38, '1112345678901', 1.0),
(38, '1231231231231', 2.0),
(38, '2342342342342', 3.0),
(38, '3453453453453', 1.0),
(39, '4564564564564', 2.0),
(39, '8908908908908', 1.0),
(39, '9019019019019', 2.0),
(39, '0120120120120', 3.0),
(39, '1231231231235', 1.0),
(40, '2345678901234', 2.0),
(40, '3456789012345', 1.0),
(40, '4567890123456', 2.0),
(40, '5678901234567', 1.0),
(40, '6789012345678', 2.0),
(40, '7890123456789', 3.0),
(40, '0123456789012', 1.0);
